time,num,unit
2026-09-03T17:00:19.324324,798.26,度
2026-09-03T17:40:11.773581,797.29,度
2026-09-03T17:53:13.879019,797.29,度
2026-09-12T00:50:34.995830,702.39,度
2026-09-12T13:15:14.599981,698.83,度
2026-09-12T19:23:34.608799,696.2,度
2026-09-12T23:57:28.190863,695.0,度
2026-09-13T13:30:37.704636,690.58,度
2026-09-13T20:27:14.584412,685.79,度
2026-09-14T00:45:40.792831,684.34,度
2026-09-14T13:34:42.930491,680.28,度
2026-09-14T21:30:11.942785,677.53,度
2026-09-15T13:35:14.485611,669.84,度
2026-09-15T20:21:38.648502,665.82,度
2026-09-16T01:24:39.145136,662.6,度
2026-09-16T13:27:41.644448,658.53,度
2026-09-16T20:20:50.979104,653.35,度
2026-09-17T01:24:31.347217,651.43,度
2026-09-17T13:37:34.907931,646.55,度
2026-09-17T20:19:53.307139,644.1,度
2026-09-18T01:23:25.398463,639.75,度
2026-09-18T13:24:10.235331,637.66,度
2026-09-18T20:00:00.164941,632.31,度
2026-09-19T00:48:46.494268,627.87,度
2026-09-19T13:16:08.997755,624.24,度
2026-09-19T19:45:31.533994,618.91,度
2026-09-20T00:11:06.585786,615.49,度
2026-09-20T13:33:08.019492,612.22,度
2026-09-20T19:56:00.756380,609.0,度
2026-09-21T00:38:16.871870,606.09,度
2026-09-21T13:38:45.179209,602.14,度
2026-09-21T21:30:28.353081,598.34,度
2026-09-22T13:35:28.726860,592.8,度
2026-09-22T20:13:18.371677,589.58,度
2026-09-23T01:37:52.114953,585.99,度
2026-09-23T13:23:46.428129,583.87,度
2026-09-23T20:25:44.375636,579.5,度
2026-09-24T01:34:25.607137,577.05,度
2026-09-24T13:39:49.925645,575.08,度
2026-09-24T20:26:04.963546,570.53,度
2026-09-25T01:39:35.892256,566.76,度
2026-09-25T13:35:45.597350,562.1,度
2026-09-25T20:25:32.887686,556.3,度
2026-09-26T01:39:03.693757,552.68,度
2026-09-26T13:43:25.838333,547.01,度
2026-09-26T19:56:48.757022,543.7,度
2026-09-27T00:51:17.405317,539.81,度
2026-09-27T13:58:38.129274,537.48,度
2026-09-27T20:35:59.228068,533.52,度
2026-09-28T01:22:55.115874,529.74,度
2026-09-28T14:05:56.338978,527.55,度
2026-09-28T22:42:15.171861,521.34,度
2026-09-29T14:24:37.746869,518.01,度
2026-09-29T21:33:03.618439,514.92,度
2026-09-30T14:08:00.836041,511.06,度
2026-09-30T21:09:27.655175,506.02,度
2026-10-01T14:42:18.004660,499.51,度
2026-10-01T22:02:03.186028,494.77,度
2026-10-02T14:25:29.882033,490.18,度
2026-10-02T21:20:15.560546,486.41,度
2026-10-03T13:55:31.739932,481.92,度
2026-10-03T20:10:00.971283,478.73,度
2026-10-04T00:52:23.849404,475.92,度
2026-10-04T14:31:56.611394,473.75,度
2026-10-04T20:57:33.833952,470.18,度
2026-10-05T01:12:07.489017,468.02,度
2026-10-05T14:25:29.065126,466.73,度
2026-10-05T23:24:57.061755,463.08,度
2026-10-06T15:00:49.198525,460.75,度
2026-10-06T21:56:51.519363,457.65,度
2026-10-07T14:41:44.698411,452.87,度
2026-10-07T22:04:43.211283,448.75,度
2026-10-08T14:48:31.463763,445.49,度
